to,from
hunt,rogers
hunt,marsh
hunt,mach
hunt,carter
hunt,mcgovern
hunt,palmer
hunt,aoki
hunt,dupper
hunt,faust
hunt,sadler
miller,osborne
miller,mach
miller,dunkin
miller,booker
osborne,miller
osborne,rogers
osborne,young
osborne,dempsey
osborne,mach
osborne,dunkin
osborne,mcgovern
osborne,palmer
osborne,aoki
osborne,faust
osborne,sadler
osborne,booker
hill,rogers
hill,stempel
hill,carter
hill,mcgovern
hill,palmer
hill,faust
young,marsh
young,sadler
marsh,mach
marsh,sadler
dempsey,osborne
dempsey,mach
dempsey,carter
dempsey,dunkin
dempsey,mcgovern
dempsey,palmer
dempsey,sadler
dempsey,booker
mach,hunt
mach,miller
mach,rogers
mach,osborne
mach,marsh
mach,dempsey
mach,stempel
mach,conway
mach,carter
mach,dunkin
mach,mcgovern
mach,palmer
mach,aoki
mach,dupper
mach,faust
mach,sadler
mach,booker
stempel,rogers
stempel,faust
conway,mach
conway,carter
conway,palmer
carter,hunt
carter,rogers
carter,osborne
carter,young
carter,marsh
carter,mach
carter,conway
carter,dunkin
carter,palmer
carter,aoki
carter,dupper
carter,faust
carter,sadler
carter,booker
dunkin,osborne
dunkin,dempsey
dunkin,mach
dunkin,carter
dunkin,mcgovern
dunkin,booker
mcgovern,osborne
mcgovern,dempsey
mcgovern,booker
palmer,rogers
palmer,osborne
palmer,mach
palmer,carter
palmer,dunkin
palmer,dupper
palmer,booker
aoki,mach
aoki,carter
aoki,booker
dupper,hunt
dupper,miller
dupper,rogers
dupper,osborne
dupper,hill
dupper,young
dupper,marsh
dupper,dempsey
dupper,mach
dupper,stempel
dupper,conway
dupper,carter
dupper,dunkin
dupper,mcgovern
dupper,palmer
dupper,aoki
dupper,faust
dupper,sadler
dupper,booker
faust,rogers
faust,mach
faust,carter
faust,dunkin
faust,palmer
sadler,miller
sadler,rogers
sadler,osborne
sadler,young
sadler,marsh
sadler,mach
sadler,carter
sadler,booker
booker,mach