to ,from 
hunt,rogers
hunt,conway
hunt,carter
hunt,mcgovern
hunt,palmer
hunt,aoki
hunt,dupper
hunt,faust
miller,osborne
miller,marsh
miller,dempsey
miller,mach
miller,carter
miller,dunkin
miller,mcgovern
miller,palmer
miller,aoki
miller,dupper
miller,sadler
miller,booker
rogers,hill
rogers,stempel
rogers,conway
rogers,carter
rogers,palmer
rogers,aoki
rogers,faust
osborne,miller
osborne,young
osborne,dempsey
osborne,mach
osborne,conway
osborne,carter
osborne,dunkin
osborne,mcgovern
osborne,palmer
osborne,aoki
osborne,sadler
osborne,booker
hill,rogers
hill,stempel
hill,palmer
hill,faust
young,hunt
young,rogers
young,osborne
young,hill
young,marsh
young,mach
young,carter
young,faust
young,sadler
marsh,miller
marsh,young
marsh,mach
marsh,sadler
dempsey,miller
dempsey,osborne
dempsey,young
dempsey,marsh
dempsey,mach
dempsey,conway
dempsey,carter
dempsey,dunkin
dempsey,mcgovern
dempsey,palmer
dempsey,aoki
dempsey,sadler
dempsey,booker
mach,miller
mach,rogers
mach,osborne
mach,hill
mach,young
mach,marsh
mach,dempsey
mach,stempel
mach,conway
mach,carter
mach,dunkin
mach,mcgovern
mach,palmer
mach,aoki
mach,dupper
mach,faust
mach,sadler
mach,booker
stempel,rogers
stempel,hill
stempel,conway
stempel,faust
conway,marsh
conway,dempsey
conway,mach
conway,stempel
conway,carter
conway,mcgovern
conway,palmer
conway,dupper
carter,hunt
carter,miller
carter,rogers
carter,osborne
carter,hill
carter,marsh
carter,mach
carter,stempel
carter,conway
carter,dunkin
carter,palmer
carter,aoki
carter,dupper
carter,faust
carter,sadler
carter,booker
dunkin,booker
mcgovern,hunt
mcgovern,miller
mcgovern,osborne
mcgovern,hill
mcgovern,young
mcgovern,marsh
mcgovern,dempsey
mcgovern,mach
mcgovern,stempel
mcgovern,conway
mcgovern,dunkin
mcgovern,palmer
mcgovern,aoki
mcgovern,dupper
mcgovern,booker
palmer,miller
palmer,rogers
palmer,osborne
palmer,hill
palmer,marsh
palmer,mach
palmer,stempel
palmer,conway
palmer,carter
palmer,dunkin
palmer,aoki
palmer,dupper
palmer,faust
palmer,sadler
palmer,booker
aoki,hunt
aoki,osborne
aoki,mach
aoki,carter
aoki,dupper
dupper,hunt
dupper,conway
dupper,carter
dupper,palmer
dupper,aoki
dupper,faust
faust,rogers
faust,hill
faust,stempel
faust,carter
faust,palmer
sadler,miller
sadler,rogers
sadler,osborne
sadler,young
sadler,marsh
sadler,dempsey
sadler,mach
sadler,conway
sadler,carter
sadler,dunkin
sadler,mcgovern
sadler,palmer
sadler,aoki
sadler,dupper
sadler,faust
sadler,booker
booker,miller
booker,osborne
booker,marsh
booker,dempsey
booker,mach
booker,conway
booker,carter
booker,dunkin
booker,mcgovern
booker,palmer
booker,aoki