to,from 
rogers,osborne
rogers,mach
rogers,carter
rogers,palmer
rogers,aoki
rogers,faust
osborne,hunt
osborne,miller
osborne,rogers
osborne,marsh
osborne,dempsey
osborne,mach
osborne,carter
osborne,dunkin
osborne,mcgovern
osborne,palmer
osborne,aoki
osborne,faust
osborne,booker
young,marsh
young,mach
young,sadler
marsh,sadler
mach,rogers
mach,osborne
mach,carter
mach,aoki
mach,sadler
mach,booker
conway,mach
conway,carter
conway,dupper
carter,rogers
carter,mach
carter,carter
carter,palmer
carter,aoki
carter,booker
palmer,rogers
palmer,mach
palmer,carter
palmer,aoki
palmer,booker
aoki,hunt
aoki,mach
aoki,carter
faust,rogers
faust,mach
faust,carter
faust,palmer
faust,aoki
sadler,marsh
sadler,mach
sadler,carter
sadler,booker
booker,osborne
booker,mach